estacion,cai,codigo,cuadrante,phone
ESTACION DE POLICIA  AGUABLANCA,CAI VILLA DEL SUR,MECALMNVCCD02E05C01000001,001,3105155709
ESTACION DE POLICIA  AGUABLANCA,CAI VILLA DEL SUR,MECALMNVCCD02E05C01000002,002,3105141219
ESTACION DE POLICIA  AGUABLANCA,CAI VILLA DEL SUR,MECALMNVCCD02E05C01000003,003,3105127351
ESTACION DE POLICIA  AGUABLANCA,CAI VILLA DEL SUR,MECALMNVCCD02E05C01000004,004,3105154678
ESTACION DE POLICIA  AGUABLANCA,CAI VILLA DEL SUR,MECALMNVCCD02E05C01000005,005,3105141277
ESTACION DE POLICIA  AGUABLANCA,CAI VILLA DEL SUR,MECALMNVCCD02E05C01000006,006,3014655005
ESTACION DE POLICIA  ALFONSO LOPEZ,CAI SAN MARINO,MECALMNVCCD02E03C01000001,001,3105325024
ESTACION DE POLICIA  ALFONSO LOPEZ,CAI SAN MARINO,MECALMNVCCD02E03C01000002,002,3105275985
ESTACION DE POLICIA  ALFONSO LOPEZ,CAI SAN MARINO,MECALMNVCCD02E03C01000003,003,3105325547
ESTACION DE POLICIA  ALFONSO LOPEZ,CAI SAN MARINO,MECALMNVCCD02E03C01000004,004,3105316683
ESTACION DE POLICIA  ALFONSO LOPEZ,CAI SAN MARINO,MECALMNVCCD02E03C01000005,005,3105313456
ESTACION DE POLICIA  ALFONSO LOPEZ,CAI SAN MARINO,MECALMNVCCD02E03C01000006,006,3105275957
ESTACION DE POLICIA  ALFONSO LOPEZ,CAI SAN MARINO,MECALMNVCCD02E03C01000007,007,3105324133
ESTACION DE POLICIA  ALFONSO LOPEZ,CAI SAN MARINO,MECALMNVCCD02E03C01000008,008,3014655443
ESTACION DE POLICIA  EL GUABAL,ESTACION DE POLICIA  EL GUABAL,MECALMNVCCD03E01000000001,001,3105325103
ESTACION DE POLICIA  EL GUABAL,ESTACION DE POLICIA  EL GUABAL,MECALMNVCCD03E01000000002,002,3105271704
ESTACION DE POLICIA  EL GUABAL,ESTACION DE POLICIA  EL GUABAL,MECALMNVCCD03E01000000003,003,3105302744
ESTACION DE POLICIA  EL GUABAL,ESTACION DE POLICIA  EL GUABAL,MECALMNVCCD03E01000000004,004,3105324230
ESTACION DE POLICIA  EL GUABAL,ESTACION DE POLICIA  EL GUABAL,MECALMNVCCD03E01000000005,005,3105327644
ESTACION DE POLICIA  EL GUABAL,ESTACION DE POLICIA  EL GUABAL,MECALMNVCCD03E01000000006,006,3105278199
ESTACION DE POLICIA  EL GUABAL,ESTACION DE POLICIA  EL GUABAL,MECALMNVCCD03E01000000007,007,3105227908
ESTACION DE POLICIA  EL GUABAL,ESTACION DE POLICIA  EL GUABAL,MECALMNVCCD03E01000000008,008,3014380286
ESTACION DE POLICIA  EL VALLADO,CAI MOJICA,MECALMNVCCD04E03C01000001,001,3105238713
ESTACION DE POLICIA  EL VALLADO,CAI MOJICA,MECALMNVCCD04E03C01000002,002,3105326346
ESTACION DE POLICIA  EL VALLADO,CAI MOJICA,MECALMNVCCD04E03C01000003,003,3105322238
ESTACION DE POLICIA  EL VALLADO,CAI MOJICA,MECALMNVCCD04E03C01000004,004,3105325216
ESTACION DE POLICIA  EL VALLADO,CAI MOJICA,MECALMNVCCD04E03C01000005,005,3105327011
ESTACION DE POLICIA  EL VALLADO,CAI MOJICA,MECALMNVCCD04E03C01000006,006,3105242912
ESTACION DE POLICIA  EL VALLADO,CAI MOJICA,MECALMNVCCD04E03C01000007,007,3105302862
ESTACION DE POLICIA  EL VALLADO,CAI MOJICA,MECALMNVCCD04E03C01000008,008,3105327719
ESTACION DE POLICIA  EL VALLADO,CAI MOJICA,MECALMNVCCD04E03C01000009,009,3105252993
ESTACION DE POLICIA  EL VALLADO,CAI MOJICA,MECALMNVCCD04E03C01000010,010,3105293258
ESTACION DE POLICIA  EL VALLADO,CAI MOJICA,MECALMNVCCD04E03C01000011,011,3105335224
ESTACION DE POLICIA  EL VALLADO,CAI MOJICA,MECALMNVCCD04E03C01000012,012,3105327007
ESTACION DE POLICIA  EL VALLADO,CAI MOJICA,MECALMNVCCD04E03C01000013,013,3105272918
ESTACION DE POLICIA  EL VALLADO,CAI MOJICA,MECALMNVCCD04E03C01000014,014,3105263981
ESTACION DE POLICIA  EL VALLADO,CAI MOJICA,MECALMNVCCD04E03C01000015,015,3014645157
ESTACION DE POLICIA  EL VALLADO,CAI MOJICA,MECALMNVCCD04E03C01000016,016,3014392107
ESTACION DE POLICIA  EL VALLADO,CAI MOJICA,MECALMNVCCD04E03C01000017,017,3014645015
ESTACION DE POLICIA  FLORALIA,CAI PASO DEL COMERCIO,MECALMNVCCD02E02C01000001,001,3105305902
ESTACION DE POLICIA  FLORALIA,CAI PASO DEL COMERCIO,MECALMNVCCD02E02C01000002,002,3105300533
ESTACION DE POLICIA  FLORALIA,CAI PASO DEL COMERCIO,MECALMNVCCD02E02C01000003,003,3105298371
ESTACION DE POLICIA  FLORALIA,CAI PASO DEL COMERCIO,MECALMNVCCD02E02C01000004,004,3105302671
ESTACION DE POLICIA  FLORALIA,CAI PASO DEL COMERCIO,MECALMNVCCD02E02C01000005,005,3105299499
ESTACION DE POLICIA  FLORALIA,CAI PETAR,MECALMNVCCD02E02C02000006,006,3105296263
ESTACION DE POLICIA  FLORALIA,CAI PETAR,MECALMNVCCD02E02C02000007,007,3012470443
ESTACION DE POLICIA  FLORALIA,CAI PETAR,MECALMNVCCD02E02C02000008,008,3014643193
ESTACION DE POLICIA  FLORALIA,CAI PETAR,MECALMNVCCD02E02C02000009,009,3014401839
ESTACION DE POLICIA  FRAY DAMIAN,CAI SAN NICOLAS,MECALMNVCCD01E03C03000001,001,3105312699
ESTACION DE POLICIA  FRAY DAMIAN,CAI SAN NICOLAS,MECALMNVCCD01E03C03000002,002,3105310529
ESTACION DE POLICIA  FRAY DAMIAN,CAI LOMA DE LA CRUZ,MECALMNVCCD01E03C02000003,003,3105287733
ESTACION DE POLICIA  FRAY DAMIAN,CAI SAN NICOLAS,MECALMNVCCD01E03C03000004,004,3105271736
ESTACION DE POLICIA  FRAY DAMIAN,CAI LOMA DE LA CRUZ,MECALMNVCCD01E03C02000005,005,3105326852
ESTACION DE POLICIA  FRAY DAMIAN,CAI SAN ANTONIO,MECALMNVCCD01E03C01000006,006,3014670733
ESTACION DE POLICIA  FRAY DAMIAN,CAI SAN ANTONIO,MECALMNVCCD01E03C01000007,007,3014404328
ESTACION DE POLICIA  JUNIN,CAI OBRERO,MECALMNVCCD01E05C01000001,001,3105273858
ESTACION DE POLICIA  JUNIN,CAI OBRERO,MECALMNVCCD01E05C01000002,002,3105285621
ESTACION DE POLICIA  JUNIN,CAI OBRERO,MECALMNVCCD01E05C01000003,003,3105337613
ESTACION DE POLICIA  JUNIN,CAI OBRERO,MECALMNVCCD01E05C01000004,004,3105274961
ESTACION DE POLICIA  JUNIN,CAI OBRERO,MECALMNVCCD01E05C01000005,005,3014385622
ESTACION DE POLICIA  JUNIN,CAI OBRERO,MECALMNVCCD01E05C01000006,006,3014671370
ESTACION DE POLICIA  LA FLORA,CAI LA MERCED,MECALMNVCCD01E02C03000001,001,3105315875
ESTACION DE POLICIA  LA FLORA,CAI LA MERCED,MECALMNVCCD01E02C03000002,002,3105307364
ESTACION DE POLICIA  LA FLORA,CAI PLAZA NORTE,MECALMNVCCD01E02C04000003,003,3105316935
ESTACION DE POLICIA  LA FLORA,CAI PLAZA NORTE,MECALMNVCCD01E02C04000004,004,3105302952
ESTACION DE POLICIA  LA FLORA,CAI PLAZA NORTE,MECALMNVCCD01E02C04000005,005,3105307394
ESTACION DE POLICIA  LA FLORA,CAI CHIPICHAPE,MECALMNVCCD01E02C02000006,006,3105304022
ESTACION DE POLICIA  LA FLORA,CAI CHIPICHAPE,MECALMNVCCD01E02C02000007,007,3105315752
ESTACION DE POLICIA  LA FLORA,CAI AMBIENTAL,MECALMNVCCD01E02C05000008,008,3105325691
ESTACION DE POLICIA  LA FLORA,CAI AMBIENTAL,MECALMNVCCD01E02C05000009,009,3105320063
ESTACION DE POLICIA  LA SULTANA,CAI EL CORTIJO,MECALMNVCCD03E05C01000001,001,3105325624
ESTACION DE POLICIA  LA SULTANA,CAI EL CORTIJO,MECALMNVCCD03E05C01000002,002,3105337624
ESTACION DE POLICIA  LA SULTANA,CAI EL CORTIJO,MECALMNVCCD03E05C01000003,003,3105305975
ESTACION DE POLICIA  LA SULTANA,CAI EL CORTIJO,MECALMNVCCD03E05C01000004,004,3105288833
ESTACION DE POLICIA  LA SULTANA,CAI EL CORTIJO,MECALMNVCCD03E05C01000005,005,3105313448
ESTACION DE POLICIA  LA SULTANA,CAI EL CORTIJO,MECALMNVCCD03E05C01000006,006,3014388629
ESTACION DE POLICIA  LIMONAR,CAI GALERIAS,MECALMNVCCD03E02C02000001,001,3105300623
ESTACION DE POLICIA  LIMONAR,CAI GALERIAS,MECALMNVCCD03E02C02000002,002,3105269643
ESTACION DE POLICIA  LIMONAR,CAI GALERIAS,MECALMNVCCD03E02C02000003,003,3105307227
ESTACION DE POLICIA  LIMONAR,CAI GALERIAS,MECALMNVCCD03E02C02000004,004,3105300658
ESTACION DE POLICIA  LIMONAR,CAI VALLE DEL LILI,MECALMNVCCD03E02C03000005,005,3105334949
ESTACION DE POLICIA  LIMONAR,CAI VALLE DEL LILI,MECALMNVCCD03E02C03000006,006,3105278142
ESTACION DE POLICIA  LIMONAR,CAI VALLE DEL LILI,MECALMNVCCD03E02C03000007,007,3105295304
ESTACION DE POLICIA  LIMONAR,CAI VALLE DEL LILI,MECALMNVCCD03E02C03000008,008,3014386726
ESTACION DE POLICIA  LIMONAR,CAI VALLE DEL LILI,MECALMNVCCD03E02C03000009,009,3012470783
ESTACION DE POLICIA  LOS MANGOS,CAI PUERTAS DEL SOL,MECALMNVCCD04E02C01000001,001,3105260610
ESTACION DE POLICIA  LOS MANGOS,CAI PUERTAS DEL SOL,MECALMNVCCD04E02C01000002,002,3105309406
ESTACION DE POLICIA  LOS MANGOS,CAI PUERTAS DEL SOL,MECALMNVCCD04E02C01000003,003,3105193265
ESTACION DE POLICIA  LOS MANGOS,CAI PUERTAS DEL SOL,MECALMNVCCD04E02C01000004,004,3105248317
ESTACION DE POLICIA  LOS MANGOS,CAI BONILLA ARAGON,MECALMNVCCD04E02C03000005,005,3105335172
ESTACION DE POLICIA  LOS MANGOS,CAI PUERTAS DEL SOL,MECALMNVCCD04E02C01000006,006,3105272952
ESTACION DE POLICIA  LOS MANGOS,CAI PUERTAS DEL SOL,MECALMNVCCD04E02C01000007,007,3105191207
ESTACION DE POLICIA  LOS MANGOS,CAI BONILLA ARAGON,MECALMNVCCD04E02C03000008,008,3105325731
ESTACION DE POLICIA  LOS MANGOS,CAI MANUELA BELTRAN,MECALMNVCCD04E02C02000009,009,3105257104
ESTACION DE POLICIA  LOS MANGOS,CAI MANUELA BELTRAN,MECALMNVCCD04E02C02000010,010,3105257721
ESTACION DE POLICIA  LOS MANGOS,CAI MANUELA BELTRAN,MECALMNVCCD04E02C02000011,011,3105251510
ESTACION DE POLICIA  LOS MANGOS,CAI MANUELA BELTRAN,MECALMNVCCD04E02C02000012,012,3105198623
ESTACION DE POLICIA  LOS MANGOS,CAI BONILLA ARAGON,MECALMNVCCD04E02C03000013,013,3105239681
ESTACION DE POLICIA  LOS MANGOS,CAI BONILLA ARAGON,MECALMNVCCD04E02C03000014,014,3105240752
ESTACION DE POLICIA  LOS MANGOS,CAI BONILLA ARAGON,MECALMNVCCD04E02C03000015,015,3105196449
ESTACION DE POLICIA  LOS MANGOS,CAI BONILLA ARAGON,MECALMNVCCD04E02C03000016,016,3014396268
ESTACION DE POLICIA  MUNICIPAL,ESTACION DE POLICIA  MUNICIPAL,MECALMNVCCD02E04000000001,001,3105183700
ESTACION DE POLICIA  MUNICIPAL,ESTACION DE POLICIA  MUNICIPAL,MECALMNVCCD02E04000000002,002,3105124082
ESTACION DE POLICIA  MUNICIPAL,ESTACION DE POLICIA  MUNICIPAL,MECALMNVCCD02E04000000003,003,3105120890
ESTACION DE POLICIA  MUNICIPAL,ESTACION DE POLICIA  MUNICIPAL,MECALMNVCCD02E04000000004,004,3105157754
ESTACION DE POLICIA  MUNICIPAL,ESTACION DE POLICIA  MUNICIPAL,MECALMNVCCD02E04000000005,005,3105142277
ESTACION DE POLICIA  MUNICIPAL,ESTACION DE POLICIA  MUNICIPAL,MECALMNVCCD02E04000000006,006,3105126270
ESTACION DE POLICIA  MUNICIPAL,ESTACION DE POLICIA  MUNICIPAL,MECALMNVCCD02E04000000007,007,3014397701
ESTACION DE POLICIA  MUNICIPAL,ESTACION DE POLICIA  MUNICIPAL,MECALMNVCCD02E04000000008,008,3014397284
ESTACION DE POLICIA  SAN FRANCISCO,ESTACION DE POLICIA  SAN FRANCISCO,MECALMNVCCD01E04000000001,001,3105337785
ESTACION DE POLICIA  SAN FRANCISCO,ESTACION DE POLICIA  SAN FRANCISCO,MECALMNVCCD01E04000000002,002,3105334476
ESTACION DE POLICIA  SAN FRANCISCO,ESTACION DE POLICIA  SAN FRANCISCO,MECALMNVCCD01E04000000003,003,3105325593
ESTACION DE POLICIA  SAN FRANCISCO,ESTACION DE POLICIA  SAN FRANCISCO,MECALMNVCCD01E04000000004,004,3105280302
ESTACION DE POLICIA  SAN FRANCISCO,ESTACION DE POLICIA  SAN FRANCISCO,MECALMNVCCD01E04000000005,005,3014891867
ESTACION DE POLICIA  SAN FRANCISCO,ESTACION DE POLICIA  SAN FRANCISCO,MECALMNVCCD01E04000000006,006,3014380220
ESTACION DE POLICIA  SAN FRANCISCO,ESTACION DE POLICIA  SAN FRANCISCO,MECALMNVCCD01E04000000007,007,3014383859
ESTACION DE POLICIA DESEPAZ,CAI PIZAMOS,MECALMNVCCD04E05C01000001,001,3105121055
ESTACION DE POLICIA DESEPAZ,CAI PIZAMOS,MECALMNVCCD04E05C01000002,002,3105203924
ESTACION DE POLICIA DESEPAZ,CAI PIZAMOS,MECALMNVCCD04E05C01000003,003,3105236345
ESTACION DE POLICIA DESEPAZ,CAI PIZAMOS,MECALMNVCCD04E05C01000004,004,3105227803
ESTACION DE POLICIA DESEPAZ,CAI PIZAMOS,MECALMNVCCD04E05C01000005,005,3105122116
ESTACION DE POLICIA DESEPAZ,CAI PIZAMOS,MECALMNVCCD04E05C01000006,006,3105233193
ESTACION DE POLICIA DESEPAZ,CAI PIZAMOS,MECALMNVCCD04E05C01000007,007,3105237409
ESTACION DE POLICIA DESEPAZ,CAI POTRERO GRANDE,MECALMNVCCD04E05C02000008,008,3105228869
ESTACION DE POLICIA DESEPAZ,CAI POTRERO GRANDE,MECALMNVCCD04E05C02000009,009,3105124248
ESTACION DE POLICIA DESEPAZ,CAI POTRERO GRANDE,MECALMNVCCD04E05C02000010,010,3105334660
ESTACION DE POLICIA DESEPAZ,CAI POTRERO GRANDE,MECALMNVCCD04E05C02000011,011,3105280434
ESTACION DE POLICIA DESEPAZ,CAI POTRERO GRANDE,MECALMNVCCD04E05C02000012,012,3105274028
ESTACION DE POLICIA DESEPAZ,CAI POTRERO GRANDE,MECALMNVCCD04E05C02000013,013,3105290032
ESTACION DE POLICIA DESEPAZ,CAI PIZAMOS,MECALMNVCCD04E05C01000014,014,3105334717
ESTACION DE POLICIA DESEPAZ,CAI PIZAMOS,MECALMNVCCD04E05C01000015,015,3105280472
ESTACION DE POLICIA DESEPAZ,CAI PIZAMOS,MECALMNVCCD04E05C01000016,016,3105275091
ESTACION DE POLICIA DESEPAZ,CAI PIZAMOS,MECALMNVCCD04E05C01000017,017,3105292221
ESTACION DE POLICIA EL DIAMANTE,CAI PONDAJE,MECALMNVCCD04E01C01000001,001,3105304916
ESTACION DE POLICIA EL DIAMANTE,CAI PONDAJE,MECALMNVCCD04E01C01000002,002,3105335271
ESTACION DE POLICIA EL DIAMANTE,CAI PONDAJE,MECALMNVCCD04E01C01000003,003,3105274941
ESTACION DE POLICIA EL DIAMANTE,CAI PONDAJE,MECALMNVCCD04E01C01000004,004,3105310373
ESTACION DE POLICIA EL DIAMANTE,CAI PONDAJE,MECALMNVCCD04E01C01000005,005,3105243052
ESTACION DE POLICIA EL DIAMANTE,CAI PONDAJE,MECALMNVCCD04E01C01000006,006,3105298496
ESTACION DE POLICIA EL DIAMANTE,CAI PONDAJE,MECALMNVCCD04E01C01000007,007,3105197962
ESTACION DE POLICIA EL DIAMANTE,CAI PONDAJE,MECALMNVCCD04E01C01000008,008,3105202906
ESTACION DE POLICIA EL DIAMANTE,CAI PONDAJE,MECALMNVCCD04E01C01000009,009,3105311457
ESTACION DE POLICIA EL DIAMANTE,CAI CHARCO AZUL,MECALMNVCCD04E01C02000010,010,3105279235
ESTACION DE POLICIA EL DIAMANTE,CAI CHARCO AZUL,MECALMNVCCD04E01C02000011,011,3105239832
ESTACION DE POLICIA EL DIAMANTE,CAI CHARCO AZUL,MECALMNVCCD04E01C02000012,012,3105245051
ESTACION DE POLICIA EL DIAMANTE,CAI CHARCO AZUL,MECALMNVCCD04E01C02000013,013,3105252947
ESTACION DE POLICIA EL DIAMANTE,CAI CHARCO AZUL,MECALMNVCCD04E01C02000014,014,3105243309
ESTACION DE POLICIA EL DIAMANTE,CAI CHARCO AZUL,MECALMNVCCD04E01C02000015,015,3105281357
ESTACION DE POLICIA EL DIAMANTE,CAI CHARCO AZUL,MECALMNVCCD04E01C02000016,016,3105314716
ESTACION DE POLICIA EL DIAMANTE,CAI CHARCO AZUL,MECALMNVCCD04E01C02000017,017,3105252567
ESTACION DE POLICIA EL DIAMANTE,CAI CHARCO AZUL,MECALMNVCCD04E01C02000018,018,3105273869
ESTACION DE POLICIA EL DIAMANTE,CAI CHARCO AZUL,MECALMNVCCD04E01C02000019,019,3105292059
ESTACION DE POLICIA EL LIDO,CAI CRISTO REY,MECALMNVCCD03E04C06000001,001,3105331599
ESTACION DE POLICIA EL LIDO,SUBESTACION DE POLICIA PICHINDE,MECALMNVCCD03E04S02000001,001,3508191673
ESTACION DE POLICIA EL LIDO,CAI CRISTO REY,MECALMNVCCD03E04C06000002,002,3105300691
ESTACION DE POLICIA EL LIDO,CAI PANAMERICANO,MECALMNVCCD03E04C04000003,003,3105289879
ESTACION DE POLICIA EL LIDO,CAI JARDIN BOTANICO,MECALMNVCCD03E04C07000004,004,3105295346
ESTACION DE POLICIA EL LIDO,CAI JARDIN BOTANICO,MECALMNVCCD03E04C07000005,005,3105299577
ESTACION DE POLICIA EL LIDO,CAI BELLAVISTA,MECALMNVCCD03E04C03000006,006,3105298507
ESTACION DE POLICIA EL LIDO,CAI LOS CERROS,MECALMNVCCD03E04C05000007,007,3105325584
ESTACION DE POLICIA EL LIDO,CAI LOS CERROS,MECALMNVCCD03E04C05000008,008,3105291002
ESTACION DE POLICIA EL LIDO,CAI LOS CERROS,MECALMNVCCD03E04C05000009,009,3105308271
ESTACION DE POLICIA EL LIDO,CAI BELLAVISTA,MECALMNVCCD03E04C03000010,010,3014655430
ESTACION DE POLICIA EL LIDO,CAI PANAMERICANO,MECALMNVCCD03E04C04000011,011,3014645079
ESTACION DE POLICIA EL LIDO,CAI PANAMERICANO,MECALMNVCCD03E04C04000012,012,3014382305
ESTACION DE POLICIA LA RIVERA,CAI METROPOLITANO,MECALMNVCCD02E01C02000001,001,3105286734
ESTACION DE POLICIA LA RIVERA,CAI METROPOLITANO,MECALMNVCCD02E01C02000002,002,3105284588
ESTACION DE POLICIA LA RIVERA,CAI SALOMIA,MECALMNVCCD02E01C01000003,003,3105281384
ESTACION DE POLICIA LA RIVERA,CAI SALOMIA,MECALMNVCCD02E01C01000004,004,3105325579
ESTACION DE POLICIA LA RIVERA,CAI SALOMIA,MECALMNVCCD02E01C01000005,005,3014655736
ESTACION DE POLICIA MARIANO RAMOS,CAI CIUDAD 2000,MECALMNVCCD04E04C01000001,001,3105118886
ESTACION DE POLICIA MARIANO RAMOS,CAI CIUDAD 2000,MECALMNVCCD04E04C01000002,002,3105203901
ESTACION DE POLICIA MARIANO RAMOS,CAI CIUDAD 2000,MECALMNVCCD04E04C01000003,003,3105142381
ESTACION DE POLICIA MARIANO RAMOS,CAI CIUDAD 2000,MECALMNVCCD04E04C01000004,004,3105234183
ESTACION DE POLICIA MARIANO RAMOS,CAI CIUDAD 2000,MECALMNVCCD04E04C01000005,005,3105119967
ESTACION DE POLICIA MARIANO RAMOS,CAI CIUDAD 2000,MECALMNVCCD04E04C01000006,006,3105203907
ESTACION DE POLICIA MARIANO RAMOS,CAI CIUDAD 2000,MECALMNVCCD04E04C01000007,007,3105235257
ESTACION DE POLICIA MARIANO RAMOS,CAI CIUDAD 2000,MECALMNVCCD04E04C01000008,008,3105226717
ESTACION DE POLICIA MARIANO RAMOS,CAI CIUDAD 2000,MECALMNVCCD04E04C01000009,009,3014898010
ESTACION DE POLICIA MARIANO RAMOS,CAI CIUDAD 2000,MECALMNVCCD04E04C01000010,010,3014392246
ESTACION DE POLICIA MARIANO RAMOS,CAI CIUDAD 2000,MECALMNVCCD04E04C01000011,011,3014391885
ESTACION DE POLICIA MELENDEZ,CAI NAPOLES,MECALMNVCCD03E03C02000001,001,3105287793
ESTACION DE POLICIA MELENDEZ,SUBESTACION DE POLICIA LA BUITRERA,MECALMNVCCD03E03S01000001,001,3508191672
ESTACION DE POLICIA MELENDEZ,CAI NAPOLES,MECALMNVCCD03E03C02000002,002,3105292124
ESTACION DE POLICIA MELENDEZ,CAI NAPOLES,MECALMNVCCD03E03C02000003,003,3105304979
ESTACION DE POLICIA MELENDEZ,CAI NAPOLES,MECALMNVCCD03E03C02000004,004,3105286742
ESTACION DE POLICIA MELENDEZ,CAI NAPOLES,MECALMNVCCD03E03C02000005,005,3105292105
ESTACION DE POLICIA MELENDEZ,CAI NAPOLES,MECALMNVCCD03E03C02000006,006,3012471017
ESTACION DE POLICIA MELENDEZ,CAI NAPOLES,MECALMNVCCD03E03C02000007,007,3014385402
ESTACION DE POLICIA MELENDEZ,CAI NAPOLES,MECALMNVCCD03E03C02000008,008,3014392831
ESTACION DE POLICIA MELENDEZ,CAI NAPOLES,MECALMNVCCD03E03C02000009,009,3012470193
ESTACION DE POLICIA NUEVA FLORESTA,ESTACION DE POLICIA NUEVA FLORESTA,MECALMNVCCD02E06000000001,001,3105136985
ESTACION DE POLICIA NUEVA FLORESTA,ESTACION DE POLICIA NUEVA FLORESTA,MECALMNVCCD02E06000000002,002,3105221426
ESTACION DE POLICIA NUEVA FLORESTA,ESTACION DE POLICIA NUEVA FLORESTA,MECALMNVCCD02E06000000003,003,3105325057
ESTACION DE POLICIA NUEVA FLORESTA,ESTACION DE POLICIA NUEVA FLORESTA,MECALMNVCCD02E06000000004,004,3105328448
ESTACION DE POLICIA NUEVA FLORESTA,ESTACION DE POLICIA NUEVA FLORESTA,MECALMNVCCD02E06000000005,005,3014382429
ESTACION DE POLICIA NUEVA FLORESTA,ESTACION DE POLICIA NUEVA FLORESTA,MECALMNVCCD02E06000000006,006,3014401928
ESTACION DE POLICIA TERRON COLORADO,CAI FORESTAL (KM.9 VIA AL MAR),MECALMNVCCD01E01C06000001,001,3105316973
ESTACION DE POLICIA TERRON COLORADO,SUBESTACION DE POLICIA MONTEBELLO,MECALMNVCCD01E01S01000001,001,3508191666
ESTACION DE POLICIA TERRON COLORADO,SUBESTACION DE POLICIA EL SALADITO,MECALMNVCCD01E01S02000001,001,3508191667
ESTACION DE POLICIA TERRON COLORADO,SUBESTACION DE POLICIA FELIDIA,MECALMNVCCD01E01S03000001,001,3508191668
ESTACION DE POLICIA TERRON COLORADO,SUBESTACION DE POLICIA LA ELVIRA,MECALMNVCCD01E01S04000001,001,3508191669
ESTACION DE POLICIA TERRON COLORADO,CAI FORESTAL (KM.9 VIA AL MAR),MECALMNVCCD01E01C06000002,002,3105318022
ESTACION DE POLICIA TERRON COLORADO,CAI FORESTAL (KM.9 VIA AL MAR),MECALMNVCCD01E01C06000003,003,3105306167
ESTACION DE POLICIA TERRON COLORADO,CAI FORESTAL (KM.9 VIA AL MAR),MECALMNVCCD01E01C06000004,004,3105309432
ESTACION DE POLICIA TERRON COLORADO,CAI FORESTAL (KM.9 VIA AL MAR),MECALMNVCCD01E01C06000005,005,3014384677
ESTACION DE POLICIA TERRON COLORADO,CAI FORESTAL (KM.9 VIA AL MAR),MECALMNVCCD01E01C06000006,006,3012470122
